Number,Stimuli,Procedure,Condition Description,Condition Notes
1,updated stim.csv,Version51.csv,Version 51,List 51
2,updated stim.csv,Version52.csv,Version 52,List 52
3,updated stim.csv,Version53.csv,Version 53,List 53
4,updated stim.csv,Version54.csv,Version 54,List 54
5,updated stim.csv,Version55.csv,Version 55,List 55
6,updated stim.csv,Version56.csv,Version 56,List 56
7,updated stim.csv,Version57.csv,Version 57,List 57
8,updated stim.csv,Version58.csv,Version 58,List 58
9,updated stim.csv,Version59.csv,Version 59,List 59
10,updated stim.csv,Version60.csv,Version 60,List 60
11,updated stim.csv,Version61.csv,Version 61,List 61
12,updated stim.csv,Version62.csv,Version 62,List 62
13,updated stim.csv,Version63.csv,Version 63,List 63
14,updated stim.csv,Version64.csv,Version 64,List 64
15,updated stim.csv,Version65.csv,Version 65,List 65
16,updated stim.csv,Version66.csv,Version 66,List 66
17,updated stim.csv,Version67.csv,Version 67,List 67
18,updated stim.csv,Version68.csv,Version 68,List 68
19,updated stim.csv,Version69.csv,Version 69,List 69
20,updated stim.csv,Version70.csv,Version 70,List 70
21,updated stim.csv,Version71.csv,Version 71,List 71
22,updated stim.csv,Version72.csv,Version 72,List 72
23,updated stim.csv,Version73.csv,Version 73,List 73
24,updated stim.csv,Version74.csv,Version 74,List 74
25,updated stim.csv,Version75.csv,Version 75,List 75
26,updated stim.csv,Version76.csv,Version 76,List 76
27,updated stim.csv,Version77.csv,Version 77,List 77
28,updated stim.csv,Version78.csv,Version 78,List 78
29,updated stim.csv,Version79.csv,Version 79,List 79
30,updated stim.csv,Version80.csv,Version 80,List 80
31,updated stim.csv,Version81.csv,Version 81,List 81
32,updated stim.csv,Version82.csv,Version 82,List 82
33,updated stim.csv,Version83.csv,Version 83,List 83
34,updated stim.csv,Version84.csv,Version 84,List 84
35,updated stim.csv,Version85.csv,Version 85,List 85
36,updated stim.csv,Version86.csv,Version 86,List 86
37,updated stim.csv,Version87.csv,Version 87,List 87
38,updated stim.csv,Version88.csv,Version 88,List 88
39,updated stim.csv,Version89.csv,Version 89,List 89
40,updated stim.csv,Version90.csv,Version 90,List 90
41,updated stim.csv,Version91.csv,Version 91,List 91
42,updated stim.csv,Version92.csv,Version 92,List 92
43,updated stim.csv,Version93.csv,Version 93,List 93
44,updated stim.csv,Version94.csv,Version 94,List 94
45,updated stim.csv,Version95.csv,Version 95,List 95
46,updated stim.csv,Version96.csv,Version 96,List 96
47,updated stim.csv,Version97.csv,Version 97,List 97
48,updated stim.csv,Version98.csv,Version 98,List 98
49,updated stim.csv,Version99.csv,Version 99,List 99
50,updated stim.csv,Version100.csv,Version 100,List 100
